{
  "resnet18": {
    "training_history": {
      "train": {
        "loss": [
          1.885922789247961,
          1.0814976610772598,
          0.8251227941669401,
          0.7142083569139731,
          0.599554860689601,
          0.5634377634590441,
          0.45959881900763905,
          0.39221820003185115,
          0.34963558298723946,
          0.3096611358306773,
          0.2994284772929924,
          0.26987100747805803,
          0.26702953989062805,
          0.24250956376393637,
          0.17330300561126952,
          0.1322263462998258,
          0.13226796941109042,
          0.11692534646151659,
          0.11967877112837925,
          0.09622923220899668
        ],
        "accuracy": [
          0.462431693989071,
          0.6752049180327869,
          0.7616120218579235,
          0.7885928961748634,
          0.819672131147541,
          0.8299180327868853,
          0.8592896174863388,
          0.8790983606557377,
          0.8971994535519126,
          0.9105191256830601,
          0.9074453551912568,
          0.9207650273224044,
          0.9221311475409836,
          0.9272540983606558,
          0.9538934426229508,
          0.9648224043715847,
          0.9644808743169399,
          0.9733606557377049,
          0.9716530054644809,
          0.9778005464480874
        ],
        "f1": [
          0.44990299865567374,
          0.6716376675806038,
          0.7606549932483424,
          0.7882863169409217,
          0.8191826582878291,
          0.8295639124415388,
          0.8592480852420694,
          0.8791653782853561,
          0.8969883901304272,
          0.9105232756500603,
          0.9073846822214613,
          0.9206666117229871,
          0.9220991716651862,
          0.927238700884271,
          0.9537318226027974,
          0.964760530419314,
          0.9644800145755098,
          0.9733081509701423,
          0.9716633511595397,
          0.9778027761345874
        ],
        "precision": [],
        "recall": []
      },
      "val": {
        "loss": [
          1.0939666258234555,
          0.8812945771379536,
          0.6737648113244245,
          0.6217885462605224,
          0.6983961457297916,
          0.6009427685315917,
          0.6382460220330427,
          0.6720034908275215,
          0.6346932815045726,
          0.5673631707016302,
          0.6866117791253693,
          0.6216700435090228,
          0.6854520647298722,
          0.6887694857558425,
          0.6082851622785841,
          0.5992211468771201,
          0.5668631437278929,
          0.5712170748483567,
          0.5711531745738724,
          0.5647122338110087
        ],
        "accuracy": [
          0.691156462585034,
          0.7401360544217687,
          0.7959183673469388,
          0.8027210884353742,
          0.7755102040816326,
          0.8068027210884354,
          0.8013605442176871,
          0.8040816326530612,
          0.8054421768707483,
          0.8204081632653061,
          0.7945578231292517,
          0.8108843537414966,
          0.7972789115646258,
          0.7972789115646258,
          0.8231292517006803,
          0.8340136054421768,
          0.8340136054421768,
          0.8380952380952381,
          0.8421768707482993,
          0.8340136054421768
        ],
        "f1": [
          0.6854451677721322,
          0.7367148002082918,
          0.796248979230233,
          0.8030275390142493,
          0.7710279086293039,
          0.806476419215026,
          0.8006551773032158,
          0.8027247099727445,
          0.8047048244813699,
          0.8193109041582828,
          0.7930384347299823,
          0.8099526663836741,
          0.7952571766729156,
          0.7954078026612276,
          0.8228539403700373,
          0.8321542402781196,
          0.8328756575181773,
          0.8366278054944953,
          0.8406328093629827,
          0.831919484555901
        ],
        "precision": [],
        "recall": []
      }
    },
    "training_summary": {
      "best_loss": 0.5647122338110087,
      "best_accuracy": 0.8421768707482993,
      "best_f1": 0.8406328093629827,
      "total_epochs_trained": 20,
      "final_lr": 1e-05,
      "early_stopping_summary": {
        "monitor": "val_f1",
        "mode": "max",
        "patience": 5,
        "min_delta": 0.0,
        "best_score": 0.8406328093629827,
        "best_epoch": 18,
        "stopped_epoch": 0,
        "final_patience_counter": 1,
        "early_stopped": false
      }
    },
    "evaluation_results": {
      "loss": 0.5647122338110087,
      "accuracy": 0.8340136054421768,
      "f1": 0.831919484555901,
      "predictions": "[ 1 15 10 12  8 17  0 19 17 17 13 10 10  9 16  1  8 11  0 14  6  3  5  6\n 10 15  3  2  3  3 19 16 16 17  8 19  7 12 13  1  8 18  2  3 10 12 18  9\n  3 18  5 15 19  9 15 15 18 10 10  6 13 18 10 14  0  1  6  3 16 17  2 19\n 12  7 12 17 14 16  1  8  7 17  7  5  6  6 17 10 19 12 17  1 17  7 19 16\n  0 14 13 18  6 13  4  5 17  1  3  8  0 11  1  1 13 19  9  9 12 10  6  2\n 19 11 18  2 18 17 17 13  8  3  6  4 19 13  9  7 14 13  5 10  7  8 13  9\n  5 16  4  2 10 12  9 16  2 11 15  6 10 10 15  5  3 17 11  1  7  4 18  2\n 13 18 15  3  5 17  6  3 14 17  0 18 10 11 16 18  7 19  9  3  9 11  4  9\n  7 13  6 16 12  5  6 14  9  4 10  6  6 15 19 19 14 10 18  2  4 11  7  0\n  8 10 11  4  8 11 10  6  1 15  9  7  3  6  1  6 12  5  4  4 18  7 13  9\n 16  9  8  3  9  5 13 12  2 15  4 19  5  6 16  6  9  7  3 13  6 12  4  0\n 13  8  8  4  9  5  6  5 10  1  2 16 13  4 13  5 13  9 14  4  0  2  2 12\n  8 13 11  8 17  0  6  6 11 18 14  1  6  6  3 13 16 12  7 13 19 16 16  0\n 16  7  3 11  6  8 11 12  7  1  1  1  6 14 15 19  8 10  9 14 10 11 12  2\n 12 14 18 10 15 11 13  0  4  8 14 13  9 17 13 10 13  3 10 19  7  3  6  8\n  3  3 17  4 18 12 14 13  8 11 18 10  8 18 12 12 11  5 14 15  3  5  2 14\n  9  0  4 12  0  9  5  2 19 17 17  1 12  9  9 19 10 14 15 15  3  1 10  3\n 17  7 10 19  8 10  6  0  4 11 16  0  7  4  1 11 10 12 18  3  0 17  2 12\n  9 15  1 15 12 13  0  1 14  1 10  5 18  3 17  2  0 19  9  5 14  6  5 19\n  0  7 13  2  8  3  7  4 10 19 19  7 16 15  1 13  6 17 19 15 16  2 12  6\n  1 19  8 11  4 18  6 10 10  5  2  7 11 15  5  3 14  7  2 19 18 12 18  6\n  6 11 12  1  5  5  3 10  0 16 14 16 13  6  1  9  4  3 13  5  5  7  4 12\n  3 11 18  5 10  8  1  8  9  1  4  8 12  3 13 15  8  2 11 17 19 14  6  4\n 17  5  7  3 10 10  9  3  4 11  0  2 14  2 15 17 13 19  7  4  9  4  2  9\n 16 19  9  8  9  9  6  3  9 11  9 11  2  4  3 11  4  2 14 16 12 13 11  5\n 16  7  0  5 19  7 17 11 13  5 13  4 15 14 17 15  1  5  2 18  5  3  6  2\n 17 11  2 11  4  7  3 13 16  1 16  7  0  8 13 15  4 18 14 11 14  2 14  9\n  8  6 16  3 18  3  1  5 19  3 16 14 11  0  1 19 12 10 19  7  2  1  5  5\n  1 13 11  3  9  4 17 13  2  3 11 14  0 11 16 18  0 16  5 12  4  3  8 18\n  5 14 19  4 15 16  9 14 18  1  1 13 14  5  9  3 18 12  3 13 12 15  7 11\n 10  5 12 10  7  7  3 10  3 19 14 16 18 11 13]",