{
    "train": {
        "loss": [
            1.8768107081237047,
            1.0843598024676675,
            0.8347982359321221,
            0.7194523807291103,
            0.5863204116568618,
            0.5387100638902705,
            0.46197262863912014,
            0.40832179161193577,
            0.37553379160311556,
            0.3381381360206591
        ],
        "accuracy": [
            0.4521946240217761,
            0.6788023137121469,
            0.7495746852670977,
            0.7825791085403199,
            0.8234093228989452,
            0.838040149710786,
            0.8587955086764205,
            0.8768288533514801,
            0.8802313712146989,
            0.905069751616196
        ],
        "f1": [
            0.43936486083445064,
            0.6748619972005099,
            0.748641157721345,
            0.7822556029544198,
            0.8230880099153899,
            0.8377366174380212,
            0.8588574509193919,
            0.8766630733493291,
            0.8801655753047454,
            0.9049568006767477
        ]
    },
    "val": {
        "loss": [
            1.08537599310583,
            0.8897804986862909,
            0.7148856519841823,
            0.7193322406334131,
            0.682256732181627,
            0.6869585038042393,
            0.6107863649219072,
            0.6445155568674308,
            0.604810639546842,
            0.6862163995398957
        ],
        "accuracy": [
            0.6857142857142857,
            0.7442176870748299,
            0.7768707482993197,
            0.7782312925170068,
            0.7891156462585034,
            0.7836734693877551,
            0.8108843537414966,
            0.7986394557823129,
            0.8108843537414966,
            0.7986394557823129
        ],
        "f1": [
            0.679029052014016,
            0.7411674729917984,
            0.7756760859491189,
            0.7773163992718325,
            0.7894356711234951,
            0.7840191910173633,
            0.8049463413344979,
            0.7995085554291019,
            0.8097991341270848,
            0.7945235869987333
        ]
    }
}