{
  "train": {
    "loss": [
      1.885922789247961,
      1.0814976610772598,
      0.8251227941669401
    ],
    "accuracy": [
      0.462431693989071,
      0.6752049180327869,
      0.7616120218579235
    ],
    "f1": [
      0.44990299865567374,
      0.6716376675806038,
      0.7606549932483424
    ],
    "precision": [],
    "recall": []
  },
  "val": {
    "loss": [
      1.0939666258234555,
      0.8812945771379536,
      0.6737648113244245
    ],
    "accuracy": [
      0.691156462585034,
      0.7401360544217687,
      0.7959183673469388
    ],
    "f1": [
      0.6854451677721322,
      0.7367148002082918,
      0.796248979230233
    ],
    "precision": [],
    "recall": []
  }
}