{
  "train": {
    "loss": [
      2.7509025007813843,
      1.882472541306045,
      1.2093980266497686,
      0.8930180973404056,
      0.7046738781116821,
      0.5887242984640729,
      0.46348758074608476,
      0.4093172582951221,
      0.3678286131266709,
      0.2903078868985176,
      0.2721815493244391,
      0.24007103133660096,
      0.20157968576301585,
      0.1989800366317178,
      0.18009777952517783,
      0.1523449502598781,
      0.14021358800704006,
      0.12525677574532373,
      0.10532333898347812,
      0.10840196338492436
    ],
    "accuracy": [
      0.23798076923076922,
      0.5326236263736264,
      0.6778846153846154,
      0.7544642857142857,
      0.7915521978021978,
      0.8351648351648352,
      0.8708791208791209,
      0.8818681318681318,
      0.8911401098901099,
      0.9168956043956044,
      0.9168956043956044,
      0.9292582417582418,
      0.946771978021978,
      0.9364697802197802,
      0.945054945054945,
      0.9567307692307693,
      0.9584478021978022,
      0.9642857142857143,
      0.9714972527472527,
      0.96875
    ],
    "f1": [
      0.22631397565689856,
      0.5006680993744217,
      0.6679708819656924,
      0.7515139208718902,
      0.7899059969860676,
      0.8344899591477298,
      0.8705321500291017,
      0.8815316915586869,
      0.8911058678076929,
      0.9167308585345896,
      0.9166247465098228,
      0.9293509260753545,
      0.946764633224778,
      0.936376921775019,
      0.9450436166280758,
      0.9566598953916828,
      0.9583855295179255,
      0.9642735418111776,
      0.9714764198158078,
      0.9686670021666371
    ],
    "precision": [],
    "recall": []
  },
  "val": {
    "loss": [
      2.2849998201642716,
      1.3303236716458586,
      0.929261415102044,
      0.7284950652901008,
      0.6179402091065231,
      0.5520476645352889,
      0.519280123142969,
      0.4758760507820415,
      0.4574748643401529,
      0.4406952627256614,
      0.4424060287118769,
      0.4470491360644905,
      0.4633987702074505,
      0.4272745812425808,
      0.45029393187185535,
      0.44279303226341193,
      0.4383688164811556,
      0.4271505595875435,
      0.4564456445424735,
      0.43330093038325407
    ],
    "accuracy": [
      0.48707482993197276,
      0.6517006802721088,
      0.7537414965986394,
      0.7986394557823129,
      0.8244897959183674,
      0.8380952380952381,
      0.8353741496598639,
      0.854421768707483,
      0.8666666666666667,
      0.8721088435374149,
      0.8666666666666667,
      0.8639455782312925,
      0.8693877551020408,
      0.8734693877551021,
      0.8734693877551021,
      0.8721088435374149,
      0.8748299319727891,
      0.8789115646258503,
      0.8748299319727891,
      0.8816326530612245
    ],
    "f1": [
      0.44593229543126167,
      0.6238858157044976,
      0.7454873708602172,
      0.7903867132483027,
      0.8214909121959063,
      0.8362018567613747,
      0.8307086631308215,
      0.8522627176093807,
      0.8651691808721976,
      0.8706487161337767,
      0.8643410937281418,
      0.861476033516612,
      0.8672363903594293,
      0.8724287098093289,
      0.8693789401634224,
      0.8696124386191336,
      0.8729858394940905,
      0.876925237479184,
      0.873623229417172,
      0.8788235823668302
    ],
    "precision": [],
    "recall": []
  }
}