{
  "train": {
    "loss": [
      1.885922789247961,
      1.0814976610772598,
      0.8251227941669401,
      0.7142083569139731,
      0.599554860689601,
      0.5634377634590441,
      0.45959881900763905,
      0.39221820003185115,
      0.34963558298723946,
      0.3096611358306773,
      0.2994284772929924,
      0.26987100747805803,
      0.26702953989062805,
      0.24250956376393637,
      0.17330300561126952,
      0.1322263462998258,
      0.13226796941109042,
      0.11692534646151659,
      0.11967877112837925,
      0.09622923220899668
    ],
    "accuracy": [
      0.462431693989071,
      0.6752049180327869,
      0.7616120218579235,
      0.7885928961748634,
      0.819672131147541,
      0.8299180327868853,
      0.8592896174863388,
      0.8790983606557377,
      0.8971994535519126,
      0.9105191256830601,
      0.9074453551912568,
      0.9207650273224044,
      0.9221311475409836,
      0.9272540983606558,
      0.9538934426229508,
      0.9648224043715847,
      0.9644808743169399,
      0.9733606557377049,
      0.9716530054644809,
      0.9778005464480874
    ],
    "f1": [
      0.44990299865567374,
      0.6716376675806038,
      0.7606549932483424,
      0.7882863169409217,
      0.8191826582878291,
      0.8295639124415388,
      0.8592480852420694,
      0.8791653782853561,
      0.8969883901304272,
      0.9105232756500603,
      0.9073846822214613,
      0.9206666117229871,
      0.9220991716651862,
      0.927238700884271,
      0.9537318226027974,
      0.964760530419314,
      0.9644800145755098,
      0.9733081509701423,
      0.9716633511595397,
      0.9778027761345874
    ],
    "precision": [],
    "recall": []
  },
  "val": {
    "loss": [
      1.0939666258234555,
      0.8812945771379536,
      0.6737648113244245,
      0.6217885462605224,
      0.6983961457297916,
      0.6009427685315917,
      0.6382460220330427,
      0.6720034908275215,
      0.6346932815045726,
      0.5673631707016302,
      0.6866117791253693,
      0.6216700435090228,
      0.6854520647298722,
      0.6887694857558425,
      0.6082851622785841,
      0.5992211468771201,
      0.5668631437278929,
      0.5712170748483567,
      0.5711531745738724,
      0.5647122338110087
    ],
    "accuracy": [
      0.691156462585034,
      0.7401360544217687,
      0.7959183673469388,
      0.8027210884353742,
      0.7755102040816326,
      0.8068027210884354,
      0.8013605442176871,
      0.8040816326530612,
      0.8054421768707483,
      0.8204081632653061,
      0.7945578231292517,
      0.8108843537414966,
      0.7972789115646258,
      0.7972789115646258,
      0.8231292517006803,
      0.8340136054421768,
      0.8340136054421768,
      0.8380952380952381,
      0.8421768707482993,
      0.8340136054421768
    ],
    "f1": [
      0.6854451677721322,
      0.7367148002082918,
      0.796248979230233,
      0.8030275390142493,
      0.7710279086293039,
      0.806476419215026,
      0.8006551773032158,
      0.8027247099727445,
      0.8047048244813699,
      0.8193109041582828,
      0.7930384347299823,
      0.8099526663836741,
      0.7952571766729156,
      0.7954078026612276,
      0.8228539403700373,
      0.8321542402781196,
      0.8328756575181773,
      0.8366278054944953,
      0.8406328093629827,
      0.831919484555901
    ],
    "precision": [],
    "recall": []
  }
}