{
  "train": {
    "loss": [
      2.019019922057351,
      1.0911443777136751,
      0.8174222023277492,
      0.638581069616171,
      0.5300119650232923,
      0.4550761125244937,
      0.4012271945293133,
      0.33979123208548995,
      0.29442913781155594,
      0.2730263291479467,
      0.22310595529583785,
      0.20766974003105373,
      0.18116052780341316,
      0.17007386406044384,
      0.12960525487477964
    ],
    "accuracy": [
      0.4254807692307692,
      0.6888736263736264,
      0.7657967032967034,
      0.8173076923076923,
      0.8375686813186813,
      0.8695054945054945,
      0.8756868131868132,
      0.9010989010989011,
      0.915521978021978,
      0.9210164835164835,
      0.939217032967033,
      0.9409340659340659,
      0.9481456043956044,
      0.9546703296703297,
      0.9684065934065934
    ],
    "f1": [
      0.4152059134081786,
      0.6834250550802976,
      0.7643116832835232,
      0.8169933951174565,
      0.8371240333886377,
      0.8689336865038094,
      0.8752349501957106,
      0.9009218355107984,
      0.9154534040983165,
      0.9207481654571349,
      0.9389732281766625,
      0.9408975013264134,
      0.9481735088347477,
      0.9546106488023107,
      0.9684148807036896
    ],
    "precision": [],
    "recall": []
  },
  "val": {
    "loss": [
      1.1106013885160693,
      0.8198243073054723,
      0.7805630431694238,
      0.7281363996518713,
      0.6497893799729899,
      0.609117680990777,
      0.6732640589175581,
      0.6710778884336251,
      0.6583594077703904,
      0.5492794473560489,
      0.6244573893595715,
      0.592222629842304,
      0.5708028537886484,
      0.5513177004801173,
      0.5250649781454177
    ],
    "accuracy": [
      0.691156462585034,
      0.7537414965986394,
      0.7700680272108843,
      0.7700680272108843,
      0.8122448979591836,
      0.8217687074829932,
      0.7931972789115647,
      0.7931972789115647,
      0.7918367346938775,
      0.8489795918367347,
      0.8258503401360544,
      0.8204081632653061,
      0.8272108843537415,
      0.8367346938775511,
      0.8448979591836735
    ],
    "f1": [
      0.6779934266512558,
      0.7540726748619153,
      0.7714251105603595,
      0.7695377994360447,
      0.8092177639576015,
      0.8195608879834636,
      0.7936293269080062,
      0.7901767731889083,
      0.779089803640577,
      0.8472481994732374,
      0.8275927320166463,
      0.8172885138738737,
      0.8261292177374016,
      0.8364869310190423,
      0.8441220282004549
    ],
    "precision": [],
    "recall": []
  }
}