{
  "train": {
    "loss": [
      2.528959723619314,
      1.151959743473556,
      0.7172560878507384,
      0.507299332009567,
      0.36956360174731895,
      0.3300819233223632,
      0.26147551842770733,
      0.19887633752691877,
      0.16097740278384842,
      0.14790500291101225,
      0.140693057471743,
      0.10856106298064792,
      0.09888237249106169,
      0.09153323316598659,
      0.08167303234830008,
      0.06718540550874812,
      0.05580468214843627,
      0.0454155790419983,
      0.03946295225542489,
      0.032441351196861694
    ],
    "accuracy": [
      0.32245879120879123,
      0.679945054945055,
      0.7864010989010989,
      0.8509615384615384,
      0.8928571428571429,
      0.8959478021978022,
      0.9251373626373627,
      0.9416208791208791,
      0.9512362637362637,
      0.9574175824175825,
      0.9615384615384616,
      0.9721840659340659,
      0.9677197802197802,
      0.9749313186813187,
      0.976304945054945,
      0.9817994505494505,
      0.9835164835164835,
      0.9886675824175825,
      0.990728021978022,
      0.9934752747252747
    ],
    "f1": [
      0.31886938748156857,
      0.6763080275506257,
      0.7861674513880923,
      0.8510599523279174,
      0.8928680020645231,
      0.895909813275671,
      0.9249033707464074,
      0.9416370296277616,
      0.9512650681615594,
      0.9573520739330361,
      0.9615800826573305,
      0.9722045055694954,
      0.96775383235205,
      0.9749176393463851,
      0.9763014195849782,
      0.9817937738872314,
      0.9835288191924457,
      0.988672366029163,
      0.9907282613470174,
      0.9934822728835901
    ],
    "precision": [],
    "recall": []
  },
  "val": {
    "loss": [
      1.3790506641880995,
      0.7412379326463556,
      0.6043658919074908,
      0.5306007454995395,
      0.49315005427315123,
      0.47475073260514916,
      0.4980237723207798,
      0.47900985126592677,
      0.5024654474793648,
      0.4845844364490639,
      0.5189480764525277,
      0.4870546492184101,
      0.5630549621014368,
      0.5411034866255157,
      0.5728420317578478,
      0.5205864937127042,
      0.48926447086593733,
      0.48151725627938097,
      0.4830515546863582,
      0.47770097920683774
    ],
    "accuracy": [
      0.654421768707483,
      0.7768707482993197,
      0.8353741496598639,
      0.8476190476190476,
      0.854421768707483,
      0.8585034013605443,
      0.8503401360544217,
      0.8489795918367347,
      0.854421768707483,
      0.8612244897959184,
      0.8680272108843538,
      0.8585034013605443,
      0.8448979591836735,
      0.8462585034013606,
      0.8517006802721089,
      0.8748299319727891,
      0.8748299319727891,
      0.8748299319727891,
      0.8721088435374149,
      0.8802721088435375
    ],
    "f1": [
      0.6402329461575156,
      0.7762517795516395,
      0.8371584535285753,
      0.8470890828007839,
      0.8541587256940821,
      0.857652029121567,
      0.8479200857275553,
      0.8475380487110721,
      0.8543713544871938,
      0.8609083886798239,
      0.8658076314379776,
      0.8576095700218677,
      0.842997637410919,
      0.8446441242761984,
      0.8504097686923775,
      0.8725186924395332,
      0.8725208019591773,
      0.8731249991886598,
      0.8701016253784574,
      0.8782872322190465
    ],
    "precision": [],
    "recall": []
  }
}