{
  "train": {
    "loss": [
      2.4629755517938636,
      1.1213149827915234,
      0.6904981902667454,
      0.4947116535443526,
      0.39959829063205926,
      0.30418552245412556,
      0.25557287397620443,
      0.19331520284106443,
      0.1521662437244431,
      0.14510480689069072,
      0.11658666954263226,
      0.11288272462539621,
      0.09777393896173645,
      0.08940610792078488,
      0.08348564823045508,
      0.077540374504259,
      0.056019132547489886,
      0.05584434397354886,
      0.05152705176170547,
      0.03203459825382087
    ],
    "accuracy": [
      0.35096153846153844,
      0.6943681318681318,
      0.7994505494505495,
      0.8506181318681318,
      0.8835851648351648,
      0.907967032967033,
      0.9258241758241759,
      0.9440247252747253,
      0.9567307692307693,
      0.9625686813186813,
      0.9625686813186813,
      0.9649725274725275,
      0.9708104395604396,
      0.9721840659340659,
      0.9742445054945055,
      0.9769917582417582,
      0.9848901098901099,
      0.9859203296703297,
      0.9862637362637363,
      0.9910714285714286
    ],
    "f1": [
      0.35054740567305825,
      0.6891772233994198,
      0.7989812113267315,
      0.8505096776764014,
      0.8834192428917559,
      0.9081040429567232,
      0.9255046424136651,
      0.9440168562913152,
      0.9567625611332709,
      0.9625504328642114,
      0.9625716875130264,
      0.9649606654222255,
      0.9707781996556202,
      0.9722158145956548,
      0.9742502515806338,
      0.9770041485367011,
      0.9848824360004729,
      0.9859277054541773,
      0.986269105486613,
      0.9910757177027114
    ],
    "precision": [],
    "recall": []
  },
  "val": {
    "loss": [
      1.360245943393837,
      0.8114283395462296,
      0.6058916966931349,
      0.5106770407585871,
      0.4864667517392814,
      0.46528899454746114,
      0.4253022837395571,
      0.4223474255325843,
      0.46774040379491794,
      0.4478531721903353,
      0.4846685554300036,
      0.450674755475959,
      0.4424008014656249,
      0.5011119181607046,
      0.49352079256862197,
      0.5051354289865818,
      0.5159732943894911,
      0.49082197778078973,
      0.474893782455094,
      0.4669040276890709
    ],
    "accuracy": [
      0.6231292517006802,
      0.7510204081632653,
      0.8299319727891157,
      0.8353741496598639,
      0.8571428571428571,
      0.854421768707483,
      0.8680272108843538,
      0.8775510204081632,
      0.8693877551020408,
      0.8775510204081632,
      0.8653061224489796,
      0.8734693877551021,
      0.8802721088435375,
      0.8653061224489796,
      0.8653061224489796,
      0.8625850340136054,
      0.8666666666666667,
      0.889795918367347,
      0.8761904761904762,
      0.8802721088435375
    ],
    "f1": [
      0.5962743897158804,
      0.7456817319186321,
      0.8311331860338201,
      0.8333896520606989,
      0.8563525907955032,
      0.8534853045981872,
      0.8674862473336682,
      0.8756233231080683,
      0.8684034424941506,
      0.8776585426278031,
      0.8653010495026648,
      0.8734138508446617,
      0.8799210226006705,
      0.8657409585082259,
      0.8643568941229334,
      0.861568971224991,
      0.865249280095236,
      0.8885160389721543,
      0.8745501249559245,
      0.8788907649447851
    ],
    "precision": [],
    "recall": []
  }
}